{
  "project_info": {
    "project_number": "139768892806",
    "project_id": "car-app-a2b7e",
    "storage_bucket": "car-app-a2b7e.appspot.com"
  },
  "client": [
    {
      "client_info": {
        "mobilesdk_app_id": "1:139768892806:android:e28b43a20a59d3a2bf3007",
        "android_client_info": {
          "package_name": "com.example.ecommerc_project"
        }
      },
      "oauth_client": [],
      "api_key": [
        {
          "current_key": "AIzaSyDSGoy0fvNTy71rGXua7GHPU-fOq4QnAgo"
        }
      ],
      "services": {
        "appinvite_service": {
          "other_platform_oauth_client": []
        }
      }
    }
  ],
  "configuration_version": "1"
}